title,company,location,link
Engineering Program Manager - Apple Pay,Apple,"Shanghai, China",https://stackoverflow.com/jobs/463948
"2021 EMEA Tech Connect Program - Full Time (Summer Start) (Bournemouth, Glasgow & London)","JPMorgan Chase Bank, N.A.","London, UK",https://stackoverflow.com/jobs/464078
"AI/ML - Sr Software Engineer, ML Platform & Technology",Apple,"Seattle, WA",https://stackoverflow.com/jobs/463977
Software Engineer,Apple,"Seattle, WA",https://stackoverflow.com/jobs/373815
iOS Engineer- Apple Cloud Product Services- Apple Park,Apple,"Cupertino, CA",https://stackoverflow.com/jobs/411225
"AI/ML - Sr Administrative Assistant, Chief of Staff",Apple,"Cupertino, CA",https://stackoverflow.com/jobs/456275
Senior Network Engineer,Apple,"Elk Grove, CA",https://stackoverflow.com/jobs/463970
Senior Software Engineer - Tools/Automation,Apple,"Mesa, AZ",https://stackoverflow.com/jobs/463969
Site Reiliability Engineer,Apple,"Cupertino, CA",https://stackoverflow.com/jobs/463968
Hadoop SRE Engineer,Apple,"Austin, TX",https://stackoverflow.com/jobs/463967
Network Engineer,Apple,"Shanghai, China",https://stackoverflow.com/jobs/463947
Retail IS&T Field Leader,Apple,"Shanghai, China",https://stackoverflow.com/jobs/436938
"AI/ML - Administrative Assistant, Chief of Staff",Apple,"Cupertino, CA",https://stackoverflow.com/jobs/454722
"Apple Media Products - Sr Software Engineer - Sports, TV app",Apple,"New York, NY",https://stackoverflow.com/jobs/458223
Senior Software Engineer - Apple Cloud Product Services,Apple,"Cupertino, CA",https://stackoverflow.com/jobs/458218
Machine Learning Engineer - IoT,Apple,"Cupertino, CA",https://stackoverflow.com/jobs/457197
SAP Commerce Functional,Apple,Singapore,https://stackoverflow.com/jobs/463927
"AI/ML - Machine Learning Engineer, Advanced Development",Apple,"Seattle, WA",https://stackoverflow.com/jobs/454736
"AI/ML - Sr Software Engineer, Core ML",Apple,"Cupertino, CA",https://stackoverflow.com/jobs/447427
"Senior Systems Administrator (Washington, D.C. or U.S. Remote)",Wallethub,"Washington, DC",https://stackoverflow.com/jobs/463821
Senior Manual Quality Assurance Engineer (Remote/ Work from home),Wallethub,No office location,https://stackoverflow.com/jobs/463820
Software Engineering - Oracle - VP - Mumbai,"JPMorgan Chase Bank, N.A.","Mumbai, India",https://stackoverflow.com/jobs/463725
Site Reliability Engineer,"JPMorgan Chase Bank, N.A.","Hyderabad, India",https://stackoverflow.com/jobs/463688
"Site Reliability Engineer (Python, Java, Go)","JPMorgan Chase Bank, N.A.","Columbus, OH",https://stackoverflow.com/jobs/463368
Infrastructure Support- Problem Management,"JPMorgan Chase Bank, N.A.","Buenos Aires, Argentina",https://stackoverflow.com/jobs/463273
Engineering Project Manager,Apple,"Cupertino, CA",https://stackoverflow.com/jobs/458159
Senior Front End Engineer (TypeScript),Mediavine,No office location,https://stackoverflow.com/jobs/453700
DevOps Platform Engineer,Dark Wolf Solutions,"Colorado Springs, CO",https://stackoverflow.com/jobs/282337
Site Reliability Engineering,"JPMorgan Chase Bank, N.A.","Buenos Aires, Argentina",https://stackoverflow.com/jobs/462429
Software Engineering - Core Java - VP-Mumbai,"JPMorgan Chase Bank, N.A.","Mumbai, India",https://stackoverflow.com/jobs/462387
Network Architect/IT Architect,"ACI Worldwide, Inc.","Norcross, GA",https://stackoverflow.com/jobs/439402
Senior Software Development Engineer,Amazon Web Services,"Seattle, WA",https://stackoverflow.com/jobs/451634
Product Data Analyst,Siemens AG,"Shannon, Ireland",https://stackoverflow.com/jobs/433889
Software Development Engineer (Java),Apple,"Hyderabad, India",https://stackoverflow.com/jobs/461362
Sales CMS AEM Engineer,Apple,"Hyderabad, India",https://stackoverflow.com/jobs/461361
Programmer Analyst II,Texas State University,"San Marcos, TX",https://stackoverflow.com/jobs/461161
C++ developer in Berlin. 120 000 euro per year,think-cell,"Berlin, Germany",https://stackoverflow.com/jobs/36832
Site Reliability Engineer - Technology,"JPMorgan Chase Bank, N.A.","Hyderabad, India",https://stackoverflow.com/jobs/459315
Senior Software Developer,Accutech Systems,"Muncie, IN",https://stackoverflow.com/jobs/369670
"Database Administrator - DBA, SQL",Solve Advisors Inc.,"Rockville Centre, NY",https://stackoverflow.com/jobs/321886
Sr. Software Dev Engineer,Amazon Web Services,"Arlington, VA",https://stackoverflow.com/jobs/435465
Software Engineering - Core Java - Mumbai,"JPMorgan Chase Bank, N.A.","Mumbai, India",https://stackoverflow.com/jobs/458628
Software Development Engineer II – Data,Audible,"Newark, NJ",https://stackoverflow.com/jobs/406875
Skilled PHP Developer (Remote applications accepted perfectly fluent English),IDGateway Ltd,No office location,https://stackoverflow.com/jobs/219798
Senior React Engineer with eye for design - London or remote (in EU time-zone),Cleo AI,"London, UK",https://stackoverflow.com/jobs/423181
"Senior RoR, Product Engineer London or remote (within EU time-zone)",Cleo AI,"London, UK",https://stackoverflow.com/jobs/420634
IT Application Analyst II - FinTech,Amazon Fintech,"São Paulo, Brazil",https://stackoverflow.com/jobs/422835
Senior Data Engineer - FinTech,Amazon Fintech,"Jersey City, NJ",https://stackoverflow.com/jobs/422827
Productivity Platform Engineer,GCM Grosvenor,"Chicago, IL",https://stackoverflow.com/jobs/457850
Javascript Web Developer for Live Streaming Player,nanocosmos,"Berlin, Germany",https://stackoverflow.com/jobs/432155
"Site Reliability Engineer (Python, Java, Go)","JPMorgan Chase Bank, N.A.","Columbus, OH",https://stackoverflow.com/jobs/457490
Senior Frontend Engineer (Vue.js),Financial Technology Partners,"San Francisco, CA",https://stackoverflow.com/jobs/446919
"Senior SDE, AWS AppSync",Amazon Web Services,"Seattle, WA",https://stackoverflow.com/jobs/446589
Senior Software Development Engineer,Amazon Web Services,"Seattle, WA",https://stackoverflow.com/jobs/446583
Server Operations / Cloud Support Engineer for nanoStream Cloud,nanocosmos,"Berlin, Germany",https://stackoverflow.com/jobs/363135
"Senior Backend Engineer - Join our FULLY REMOTE, Innovative team!",Mediavine,No office location,https://stackoverflow.com/jobs/446250
Sr Software Development Engineer,Amazon Web Services,"New York, NY",https://stackoverflow.com/jobs/384112
Front End Designer/Developer,L2P Enterprise Ltd,No office location,https://stackoverflow.com/jobs/432527
.NET Software Engineer,GCM Grosvenor,No office location,https://stackoverflow.com/jobs/445280
Senior Software Engineer Rails/Elm/React,HubTran Inc.,No office location,https://stackoverflow.com/jobs/410103
Sr. Software Development Engineer,Amazon Web Services,"Seattle, WA",https://stackoverflow.com/jobs/420678
Reverse engineer in Berlin.120 000 euro per year,think-cell,"Berlin, Germany",https://stackoverflow.com/jobs/456027
Programmer Analyst II,Texas State University,"San Marcos, TX",https://stackoverflow.com/jobs/455948
Senior Full Stack Engineer,Namaste Technologies,No office location,https://stackoverflow.com/jobs/455751
GUI Software Developer,Liquid Instruments Pty Ltd,"Lyneham, Australia",https://stackoverflow.com/jobs/419071
Goldman Sachs JavaScript React GUI Developer/Front End Engineer Equities,Goldman SachsviaHays PLC,"London, UK",https://stackoverflow.com/jobs/276325
Front-End Engineer | Goldman Sachs | React.JS/Angular 2.6,Goldman SachsviaHays PLC,"London, UK",https://stackoverflow.com/jobs/274305
React Engineer building real-time user interface | Equities Electronic Trading,Goldman SachsviaHays PLC,"London, UK",https://stackoverflow.com/jobs/274390
"Goldman Sachs - Java Developer, Equities Trading Systems, Sequencer",Goldman SachsviaHays PLC,"London, UK",https://stackoverflow.com/jobs/276302
UX Designer III,Amazon Fintech,"Seattle, WA",https://stackoverflow.com/jobs/390204
Database Engineer,Amazon Fintech,"Vancouver, BC, Canada",https://stackoverflow.com/jobs/390202
Software Dev Engineer III,Amazon Fintech,"Seattle, WA",https://stackoverflow.com/jobs/390198
IT App Dev Engr II,Amazon Fintech,"Jersey City, NJ",https://stackoverflow.com/jobs/390167
Database Engineer,Lynker,"Silver Spring, MD",https://stackoverflow.com/jobs/350423
Software Engineering,"JPMorgan Chase Bank, N.A.","Jersey City, NJ",https://stackoverflow.com/jobs/455106
